Pclass,Sex,Age,Fare,Embarked,Familysize,Isalone,HasCabin,Title,Pclass_Fare,Age_Fare,Survived
1,0,37.0,52.5542,2,3,0,1,0.0,52.5542,1944.5054,1
2,0,47.0,15.0,2,1,1,0,0.0,30.0,705.0,0
3,1,15.0,7.225,0,1,1,0,1.0,21.674999999999997,108.375,1
2,0,23.0,10.5,2,1,1,0,4.0,21.0,241.5,0
3,0,25.0,7.775,2,2,0,0,0.0,23.325000000000003,194.375,0
3,0,29.0,15.5,1,2,0,0,0.0,46.5,449.5,0
3,0,19.0,7.8958,2,1,1,0,0.0,23.6874,150.02020000000002,0
2,1,35.0,21.0,2,1,1,0,1.0,42.0,735.0,1
1,1,32.0,76.2917,0,1,1,1,1.0,76.2917,2441.3344,1
3,0,29.0,9.4833,2,1,1,0,0.0,28.4499,275.0157,0
1,1,44.0,27.7208,0,1,1,1,2.0,27.7208,1219.7152,1
3,0,29.0,7.75,1,1,1,1,0.0,23.25,224.75,0
1,0,27.0,30.5,2,1,1,0,0.0,30.5,823.5,1
2,0,43.0,26.25,2,3,0,0,0.0,52.5,1128.75,0
3,1,29.0,16.1,2,2,0,0,2.0,48.300000000000004,466.90000000000003,1
3,0,21.0,7.925,2,1,1,0,0.0,23.775,166.42499999999998,0
3,0,39.0,24.15,2,1,1,0,0.0,72.44999999999999,941.8499999999999,0
3,1,25.0,7.775,2,1,1,0,1.0,23.325000000000003,194.375,0
3,0,24.5,8.05,2,1,1,0,0.0,24.150000000000002,197.22500000000002,0
3,0,29.0,7.875,2,1,1,0,0.0,23.625,228.375,0
1,0,29.0,35.5,2,1,1,1,0.0,35.5,1029.5,1
1,0,28.0,35.5,2,1,1,1,0.0,35.5,994.0,1
1,0,45.5,28.5,2,1,1,1,0.0,28.5,1296.75,0
1,0,48.0,26.55,2,1,1,1,0.0,26.55,1274.4,1
3,0,6.0,12.475,2,2,0,1,3.0,37.425,74.85,1
1,1,38.0,71.2833,0,2,0,1,2.0,71.2833,2708.7653999999998,1
3,0,29.0,7.8958,2,1,1,0,0.0,23.6874,228.97820000000002,0
3,1,16.0,46.9,2,8,0,0,1.0,140.7,750.4,0
3,0,20.0,7.925,2,1,1,0,0.0,23.775,158.5,0
3,0,16.0,20.25,2,3,0,0,0.0,60.75,324.0,0
3,1,29.0,23.45,2,4,0,0,1.0,70.35,680.05,0
3,0,24.0,7.1417,2,1,1,0,0.0,21.4251,171.4008,1
1,1,19.0,30.0,2,1,1,1,1.0,30.0,570.0,1
3,0,36.0,7.8958,2,1,1,0,0.0,23.6874,284.2488,0
3,0,35.0,8.05,2,1,1,0,0.0,24.150000000000002,281.75,0
3,0,20.0,7.05,2,1,1,0,0.0,21.15,141.0,0
1,1,40.0,134.5,0,3,0,1,2.0,134.5,5380.0,1
3,0,29.0,7.775,2,1,1,0,0.0,23.325000000000003,225.47500000000002,1
1,1,16.0,86.5,2,1,1,1,1.0,86.5,1384.0,1
3,1,41.0,20.2125,2,3,0,0,2.0,60.637499999999996,828.7125,0
3,0,19.0,0.0,2,1,1,0,0.0,0.0,0.0,0
3,1,31.0,7.8542,2,1,1,0,1.0,23.5626,243.4802,0
3,0,29.0,9.5,2,1,1,0,0.0,28.5,275.5,0
3,0,35.0,7.125,2,1,1,0,0.0,21.375,249.375,0
3,0,29.0,69.55,2,11,0,0,0.0,208.64999999999998,2016.9499999999998,0
1,0,4.0,81.8583,2,3,0,1,3.0,81.8583,327.4332,1
3,0,20.0,7.925,2,2,0,0,0.0,23.775,158.5,1
3,1,8.0,21.075,2,5,0,0,1.0,63.224999999999994,168.6,0
3,0,18.0,7.75,2,1,1,0,0.0,23.25,139.5,0
3,0,34.0,8.05,2,1,1,0,0.0,24.150000000000002,273.70000000000005,0
2,0,2.0,26.0,2,3,0,1,3.0,52.0,52.0,1
3,1,29.0,7.55,2,1,1,0,1.0,22.65,218.95,0
2,0,32.5,30.0708,0,2,0,0,0.0,60.1416,977.3009999999999,0
3,1,13.0,7.2292,0,1,1,0,1.0,21.6876,93.97959999999999,1
3,0,29.0,15.2458,0,3,0,0,3.0,45.737399999999994,442.1282,1
3,0,30.0,16.1,2,2,0,0,0.0,48.300000000000004,483.00000000000006,0
2,1,45.0,26.25,2,3,0,0,2.0,52.5,1181.25,1
3,1,29.0,7.2292,0,1,1,0,2.0,21.6876,209.64679999999998,1
2,0,42.0,13.0,2,1,1,0,0.0,26.0,546.0,1
1,0,17.0,110.8833,0,3,0,1,0.0,110.8833,1885.0161,1
1,0,29.0,27.7208,0,1,1,0,0.0,27.7208,803.9032,0
3,0,26.0,18.7875,0,1,1,0,0.0,56.362500000000004,488.475,1
3,0,33.0,7.8958,0,1,1,0,0.0,23.6874,260.5614,0
2,1,29.0,10.5,2,1,1,1,2.0,21.0,304.5,1
1,0,52.0,79.65,2,3,0,1,0.0,79.65,4141.8,0
3,0,22.0,7.5208,2,1,1,0,0.0,22.5624,165.4576,0
3,0,65.0,7.75,1,1,1,0,0.0,23.25,503.75,0
3,1,18.0,7.775,2,1,1,0,1.0,23.325000000000003,139.95000000000002,0
3,0,42.0,8.6625,2,1,1,0,0.0,25.987499999999997,363.825,0
1,1,54.0,59.4,0,2,0,0,2.0,59.4,3207.6,1
3,0,32.0,8.05,2,1,1,1,0.0,24.150000000000002,257.6,1
3,0,29.0,7.775,2,1,1,0,0.0,23.325000000000003,225.47500000000002,0
3,0,3.0,15.9,2,3,0,0,3.0,47.7,47.7,1
3,1,29.0,69.55,2,11,0,0,1.0,208.64999999999998,2016.9499999999998,0
2,0,33.0,12.275,2,1,1,0,0.0,24.55,405.075,0
3,0,29.0,7.8958,2,1,1,0,0.0,23.6874,228.97820000000002,0
3,0,21.0,7.8542,2,1,1,0,0.0,23.5626,164.9382,0
1,0,29.0,25.925,2,1,1,0,0.0,25.925,751.825,0
1,1,43.0,211.3375,2,2,0,1,2.0,211.3375,9087.5125,1
2,1,3.0,41.5792,0,4,0,0,1.0,83.1584,124.7376,1
3,0,26.0,7.8542,2,2,0,0,0.0,23.5626,204.20919999999998,0
3,0,38.0,7.8958,2,1,1,0,0.0,23.6874,300.04040000000003,0
3,1,29.0,7.75,1,1,1,0,1.0,23.25,224.75,1
3,0,29.0,7.75,1,2,0,0,0.0,23.25,224.75,0
1,0,55.0,30.5,2,1,1,1,0.0,30.5,1677.5,0
1,0,51.0,26.55,2,1,1,1,0.0,26.55,1354.05,1
1,0,25.0,55.4417,0,2,0,1,0.0,55.4417,1386.0425,1
3,0,43.0,8.05,2,1,1,0,0.0,24.150000000000002,346.15000000000003,0
1,1,30.0,106.425,0,1,1,0,1.0,106.425,3192.75,1
3,0,29.0,7.8958,2,1,1,0,0.0,23.6874,228.97820000000002,0
3,0,29.0,7.8958,0,1,1,0,0.0,23.6874,228.97820000000002,1
3,0,29.0,56.4958,2,1,1,0,0.0,169.4874,1638.3782,1
1,0,27.0,211.5,0,3,0,1,0.0,211.5,5710.5,0
1,0,45.0,35.5,2,1,1,1,0.0,35.5,1597.5,0
2,0,29.0,0.0,2,1,1,0,0.0,0.0,0.0,0
3,0,31.0,7.75,1,1,1,0,0.0,23.25,240.25,0
3,1,30.0,12.475,2,1,1,0,1.0,37.425,374.25,1
3,1,5.0,31.3875,2,7,0,0,1.0,94.1625,156.9375,1
1,1,17.0,108.9,0,2,0,1,2.0,108.9,1851.3000000000002,1
3,0,32.0,7.925,2,1,1,0,0.0,23.775,253.6,0
3,0,30.0,7.25,2,1,1,0,0.0,21.75,217.5,0
3,0,22.0,7.25,2,1,1,0,0.0,21.75,159.5,0
2,1,54.0,23.0,2,5,0,0,2.0,46.0,1242.0,1
1,1,14.0,120.0,2,4,0,1,1.0,120.0,1680.0,1
1,1,39.0,110.8833,0,3,0,1,2.0,110.8833,4324.4487,1
3,0,23.5,7.2292,0,1,1,0,0.0,21.6876,169.8862,0
2,1,27.0,13.8583,0,2,0,0,1.0,27.7166,374.1741,1
3,1,38.0,31.3875,2,7,0,0,2.0,94.1625,1192.725,1
1,0,22.0,135.6333,0,1,1,0,0.0,135.6333,2983.9325999999996,0
3,0,9.0,15.9,2,3,0,0,3.0,47.7,143.1,1
3,1,21.0,9.825,2,2,0,0,1.0,29.474999999999998,206.325,0
3,0,29.0,7.25,2,1,1,0,0.0,21.75,210.25,0
3,0,29.0,7.75,1,1,1,0,0.0,23.25,224.75,0
3,0,29.0,15.5,1,1,1,0,0.0,46.5,449.5,0
3,1,39.0,31.275,2,7,0,0,2.0,93.82499999999999,1219.725,0
2,1,24.0,65.0,2,4,0,0,1.0,130.0,1560.0,1
3,1,29.0,7.75,1,1,1,0,1.0,23.25,224.75,1
3,0,22.0,7.25,2,1,1,0,0.0,21.75,159.5,0
3,1,24.0,8.85,2,1,1,0,1.0,26.549999999999997,212.39999999999998,0
3,0,44.0,7.925,2,1,1,0,0.0,23.775,348.7,1
3,0,38.0,7.05,2,1,1,0,0.0,21.15,267.9,0
3,0,29.0,7.225,0,1,1,0,0.0,21.674999999999997,209.52499999999998,0
2,1,42.0,13.0,2,1,1,0,2.0,26.0,546.0,1
2,0,54.0,26.0,2,1,1,0,0.0,52.0,1404.0,0
2,0,28.0,13.0,2,1,1,0,0.0,26.0,364.0,0
3,0,29.0,7.8958,2,1,1,0,0.0,23.6874,228.97820000000002,0
1,0,28.0,47.1,2,1,1,0,0.0,47.1,1318.8,0
2,1,33.0,26.0,2,3,0,0,2.0,52.0,858.0,1
3,0,21.0,7.25,2,1,1,0,0.0,21.75,152.25,0
2,0,29.0,0.0,2,1,1,0,0.0,0.0,0.0,0
2,0,50.0,13.0,2,1,1,0,0.0,26.0,650.0,0
3,0,33.0,9.5,2,1,1,0,0.0,28.5,313.5,0
1,1,22.0,55.0,2,2,0,1,1.0,55.0,1210.0,1
3,0,29.0,7.3125,2,1,1,0,0.0,21.9375,212.0625,0
1,0,62.0,26.55,2,1,1,0,0.0,26.55,1646.1000000000001,0
3,1,29.0,7.7875,1,1,1,0,1.0,23.362499999999997,225.83749999999998,1
3,0,43.0,6.45,2,1,1,0,0.0,19.35,277.35,0
3,0,29.0,7.725,1,1,1,0,0.0,23.174999999999997,224.02499999999998,0
3,0,29.0,7.25,2,1,1,0,0.0,21.75,210.25,0
1,0,38.0,153.4625,2,2,0,1,0.0,153.4625,5831.575,0
3,0,51.0,7.0542,2,1,1,0,0.0,21.162599999999998,359.7642,0
3,0,29.0,7.8958,2,1,1,0,0.0,23.6874,228.97820000000002,0
2,0,29.0,0.0,2,1,1,0,0.0,0.0,0.0,0
3,1,24.0,15.85,2,2,0,0,2.0,47.55,380.4,1
3,0,50.0,8.05,2,1,1,0,0.0,24.150000000000002,402.50000000000006,0
3,0,21.0,7.775,2,1,1,0,0.0,23.325000000000003,163.275,0
3,0,29.0,7.0458,2,2,0,0,0.0,21.1374,204.32819999999998,0
2,0,54.0,26.0,2,2,0,0,4.0,52.0,1404.0,0
2,1,19.0,26.0,2,1,1,0,1.0,52.0,494.0,1
2,0,29.0,0.0,2,1,1,0,0.0,0.0,0.0,0
3,1,29.0,7.8792,1,1,1,0,1.0,23.6376,228.4968,1
1,1,30.0,31.0,0,1,1,0,1.0,31.0,930.0,1
1,0,60.0,26.55,2,1,1,0,4.0,26.55,1593.0,0
3,0,29.0,8.05,2,1,1,0,0.0,24.150000000000002,233.45000000000002,0
3,0,29.0,7.8958,0,1,1,0,0.0,23.6874,228.97820000000002,0
2,1,2.0,26.0,2,3,0,0,1.0,52.0,52.0,1
3,1,29.0,7.7375,1,1,1,0,1.0,23.2125,224.3875,1
3,0,21.0,7.7958,2,1,1,0,0.0,23.3874,163.71179999999998,1
1,0,36.0,78.85,2,2,0,1,0.0,78.85,2838.6,0
3,0,32.0,7.75,1,1,1,0,0.0,23.25,248.0,0
1,1,53.0,51.4792,2,3,0,1,2.0,51.4792,2728.3976,1
3,0,29.0,8.05,2,1,1,0,0.0,24.150000000000002,233.45000000000002,0
1,0,35.0,26.55,0,1,1,0,0.0,26.55,929.25,1
3,0,16.0,18.0,2,3,0,0,0.0,54.0,288.0,0
3,1,22.0,7.775,2,1,1,0,1.0,23.325000000000003,171.05,1
3,0,30.0,7.2292,0,1,1,0,0.0,21.6876,216.87599999999998,0
1,1,19.0,26.2833,2,3,0,1,1.0,26.2833,499.3827,1
3,0,36.0,0.0,2,1,1,0,0.0,0.0,0.0,0
2,0,31.0,10.5,2,1,1,0,0.0,21.0,325.5,0
2,1,28.0,13.0,2,1,1,0,1.0,26.0,364.0,1
3,0,20.0,9.5,2,1,1,0,0.0,28.5,190.0,0
3,0,29.0,8.4583,1,1,1,0,0.0,25.374899999999997,245.2907,0
3,1,29.0,14.4542,0,2,0,0,1.0,43.3626,419.1718,0
1,0,29.0,50.0,2,1,1,1,0.0,50.0,1450.0,0
1,1,35.0,90.0,2,2,0,1,2.0,90.0,3150.0,1
1,1,47.0,52.5542,2,3,0,1,2.0,52.5542,2470.0474,1
1,1,18.0,227.525,0,2,0,1,2.0,227.525,4095.4500000000003,1
1,0,29.0,66.6,2,2,0,1,0.0,66.6,1931.3999999999999,0
3,1,39.0,29.125,1,6,0,0,2.0,87.375,1135.875,0
1,0,44.0,90.0,1,3,0,1,4.0,90.0,3960.0,0
2,0,26.0,10.5,2,1,1,0,0.0,21.0,273.0,0
1,0,56.0,35.5,0,1,1,1,4.0,35.5,1988.0,1
2,0,1.0,39.0,2,4,0,1,3.0,78.0,39.0,1
3,0,0.42,8.5167,0,2,0,0,3.0,25.5501,3.577014,1
3,1,19.0,7.8542,2,2,0,0,1.0,23.5626,149.22979999999998,1
3,0,25.0,17.8,2,2,0,0,0.0,53.400000000000006,445.0,0
3,1,9.0,15.2458,0,3,0,0,1.0,45.737399999999994,137.2122,0
3,1,29.0,69.55,2,11,0,0,1.0,208.64999999999998,2016.9499999999998,0
2,0,23.0,13.0,2,1,1,0,0.0,26.0,299.0,0
2,0,25.0,41.5792,0,4,0,0,0.0,83.1584,1039.48,0
2,0,44.0,26.0,2,2,0,0,0.0,52.0,1144.0,0
3,0,24.0,7.8958,2,1,1,0,0.0,23.6874,189.4992,0
2,1,50.0,10.5,2,1,1,0,1.0,21.0,525.0,1
3,0,22.0,9.35,2,1,1,0,0.0,28.049999999999997,205.7,0
3,0,41.0,7.125,2,1,1,0,0.0,21.375,292.125,0
1,1,2.0,151.55,2,4,0,1,1.0,151.55,303.1,0
3,0,24.0,16.1,2,2,0,0,0.0,48.300000000000004,386.40000000000003,0
1,0,29.0,27.7208,0,1,1,0,0.0,27.7208,803.9032,0
3,1,29.0,15.5,1,2,0,0,2.0,46.5,449.5,1
2,0,24.0,13.0,2,1,1,0,0.0,26.0,312.0,0
2,0,29.0,15.05,0,1,1,0,0.0,30.1,436.45000000000005,0
1,0,19.0,263.0,2,6,0,1,0.0,263.0,4997.0,0
3,0,45.5,7.225,0,1,1,0,0.0,21.674999999999997,328.7375,0
3,0,22.0,8.05,2,1,1,0,0.0,24.150000000000002,177.10000000000002,0
1,0,47.0,25.5875,2,1,1,1,0.0,25.5875,1202.6125,0
3,1,47.0,14.5,2,2,0,0,2.0,43.5,681.5,0
3,0,17.0,8.6625,2,1,1,0,0.0,25.987499999999997,147.2625,0
3,0,29.0,25.4667,2,5,0,0,3.0,76.4001,738.5343,0
3,0,18.0,7.8542,2,3,0,0,0.0,23.5626,141.3756,0
3,1,27.0,7.925,2,1,1,0,1.0,23.775,213.975,1
1,1,39.0,79.65,2,3,0,1,2.0,79.65,3106.3500000000004,1
3,0,29.0,16.1,2,2,0,0,0.0,48.300000000000004,466.90000000000003,0
1,1,29.0,133.65,2,2,0,0,2.0,133.65,3875.8500000000004,1
3,0,9.0,31.3875,2,7,0,0,3.0,94.1625,282.4875,0
3,0,44.0,8.05,2,1,1,0,0.0,24.150000000000002,354.20000000000005,0
1,0,31.0,52.0,2,2,0,1,0.0,52.0,1612.0,0
3,1,18.0,6.75,1,1,1,0,1.0,20.25,121.5,0
2,0,19.0,10.5,2,1,1,0,0.0,21.0,199.5,0
1,1,25.0,151.55,2,4,0,1,2.0,151.55,3788.7500000000005,0
2,0,3.0,18.75,2,3,0,0,3.0,37.5,56.25,1
3,0,36.0,7.4958,2,1,1,0,0.0,22.4874,269.8488,0
3,1,24.0,16.7,2,3,0,1,2.0,50.099999999999994,400.79999999999995,1
3,0,29.0,7.225,0,1,1,0,0.0,21.674999999999997,209.52499999999998,0
1,1,60.0,75.25,0,2,0,1,2.0,75.25,4515.0,1
3,0,15.0,7.2292,0,3,0,0,0.0,21.6876,108.43799999999999,0
3,0,26.0,14.4542,0,2,0,0,0.0,43.3626,375.80920000000003,0
2,1,25.0,26.0,2,2,0,0,2.0,52.0,650.0,1
3,1,45.0,7.75,2,1,1,0,1.0,23.25,348.75,0
3,1,22.0,10.5167,2,1,1,0,1.0,31.5501,231.3674,0
2,1,36.0,13.0,2,1,1,0,1.0,26.0,468.0,1
3,1,20.0,8.6625,2,1,1,0,1.0,25.987499999999997,173.25,0
3,1,29.0,8.05,2,1,1,0,1.0,24.150000000000002,233.45000000000002,0
3,0,61.0,6.2375,2,1,1,0,0.0,18.7125,380.4875,0
3,1,20.0,9.825,2,2,0,0,1.0,29.474999999999998,196.5,0
3,0,21.0,16.1,2,1,1,0,0.0,48.300000000000004,338.1,0
3,0,29.0,8.7125,0,1,1,0,0.0,26.137500000000003,252.66250000000002,0
1,1,40.0,153.4625,2,1,1,1,1.0,153.4625,6138.5,1
3,0,29.0,69.55,2,11,0,0,3.0,208.64999999999998,2016.9499999999998,0
2,0,0.83,18.75,2,3,0,0,3.0,37.5,15.5625,1
3,1,29.0,10.4625,2,3,0,1,2.0,31.387500000000003,303.4125,0
2,1,32.0,13.0,2,1,1,0,2.0,26.0,416.0,1
3,0,35.0,7.05,2,1,1,0,0.0,21.15,246.75,0
3,0,44.0,8.05,2,1,1,0,0.0,24.150000000000002,354.20000000000005,0
1,1,29.0,52.0,2,2,0,1,2.0,52.0,1508.0,1
1,0,56.0,30.6958,0,1,1,1,0.0,30.6958,1718.9648,0
1,0,49.0,110.8833,0,3,0,1,0.0,110.8833,5433.2817000000005,0
2,0,62.0,10.5,2,1,1,0,0.0,21.0,651.0,1
3,0,25.0,7.05,2,1,1,0,0.0,21.15,176.25,0
3,0,18.0,7.775,2,1,1,0,0.0,23.325000000000003,139.95000000000002,0
3,1,18.0,17.8,2,2,0,0,2.0,53.400000000000006,320.40000000000003,0
3,0,32.0,15.85,2,2,0,0,0.0,47.55,507.2,0
3,0,12.0,11.2417,0,2,0,0,3.0,33.7251,134.9004,1
1,0,29.0,35.0,2,1,1,1,0.0,35.0,1015.0,0
2,0,29.0,27.7208,0,2,0,0,0.0,55.4416,803.9032,0
2,0,3.0,26.0,2,3,0,1,3.0,52.0,78.0,1
3,0,11.0,18.7875,0,1,1,0,0.0,56.362500000000004,206.66250000000002,0
3,0,27.0,7.7958,2,1,1,0,0.0,23.3874,210.4866,1
3,0,34.0,14.4,2,3,0,0,0.0,43.2,489.6,0
1,1,36.0,135.6333,0,1,1,1,1.0,135.6333,4882.7988,1
2,0,31.0,26.25,2,3,0,0,0.0,52.5,813.75,0
3,0,28.0,7.7958,2,1,1,0,0.0,23.3874,218.2824,0
3,0,29.0,8.05,2,1,1,0,0.0,24.150000000000002,233.45000000000002,0
2,0,27.0,26.0,2,1,1,0,0.0,52.0,702.0,0
3,0,28.0,15.85,2,2,0,0,0.0,47.55,443.8,0
3,0,29.0,6.95,1,1,1,0,0.0,20.85,201.55,0
2,0,29.0,0.0,2,1,1,0,0.0,0.0,0.0,0
1,1,23.0,113.275,0,2,0,1,1.0,113.275,2605.3250000000003,1
3,0,41.0,14.1083,2,3,0,0,0.0,42.3249,578.4403,0
1,0,32.0,30.5,0,1,1,1,4.0,30.5,976.0,1
3,1,17.0,7.925,2,7,0,0,1.0,23.775,134.725,1
3,0,29.0,8.05,2,1,1,0,0.0,24.150000000000002,233.45000000000002,0
3,1,33.0,15.85,2,4,0,0,2.0,47.55,523.05,1
3,0,24.0,24.15,2,3,0,0,0.0,72.44999999999999,579.5999999999999,0
3,1,29.0,69.55,2,11,0,0,1.0,208.64999999999998,2016.9499999999998,0
2,1,29.0,26.0,2,2,0,0,2.0,52.0,754.0,1
2,0,39.0,13.0,2,1,1,0,0.0,26.0,507.0,0
2,1,41.0,19.5,2,2,0,0,2.0,39.0,799.5,1
3,0,17.0,7.2292,0,3,0,0,0.0,21.6876,122.8964,0
3,0,29.0,7.2292,0,1,1,0,0.0,21.6876,209.64679999999998,0
3,0,18.0,8.3,2,1,1,0,0.0,24.900000000000002,149.4,0
1,0,29.0,0.0,2,1,1,0,0.0,0.0,0.0,0
3,0,19.0,14.5,2,1,1,0,0.0,43.5,275.5,0
3,1,26.0,7.925,2,1,1,0,1.0,23.775,206.04999999999998,1
1,1,58.0,153.4625,2,2,0,1,2.0,153.4625,8900.825,1
3,0,47.0,9.0,2,1,1,0,0.0,27.0,423.0,0
1,0,27.0,53.1,2,2,0,1,0.0,53.1,1433.7,1
3,1,17.0,14.4583,0,1,1,0,1.0,43.3749,245.7911,0
3,1,21.0,7.65,2,1,1,0,1.0,22.950000000000003,160.65,1
1,0,29.0,30.6958,0,1,1,0,0.0,30.6958,890.1782,0
1,1,36.0,120.0,2,4,0,1,2.0,120.0,4320.0,1
3,0,26.0,7.8875,2,1,1,0,0.0,23.6625,205.07500000000002,0
3,1,1.0,15.7417,0,3,0,0,1.0,47.2251,15.7417,1
1,0,51.0,61.3792,0,2,0,0,0.0,61.3792,3130.3392,0
2,1,40.0,13.0,2,1,1,0,1.0,26.0,520.0,1
1,1,22.0,151.55,2,1,1,0,1.0,151.55,3334.1000000000004,1
2,1,27.0,10.5,2,1,1,1,1.0,21.0,283.5,1
1,1,24.0,263.0,2,6,0,1,1.0,263.0,6312.0,1
3,0,29.0,7.8958,2,1,1,0,0.0,23.6874,228.97820000000002,0
3,1,43.0,46.9,2,8,0,0,2.0,140.7,2016.7,0
2,0,31.0,13.0,2,1,1,0,0.0,26.0,403.0,1
3,0,25.0,7.7417,1,1,1,0,0.0,23.225099999999998,193.5425,0
2,0,25.0,13.0,2,1,1,0,0.0,26.0,325.0,0
1,1,49.0,25.9292,2,1,1,1,4.0,25.9292,1270.5308,1
1,1,39.0,55.9,2,2,0,1,2.0,55.9,2180.1,1
3,1,25.0,7.925,2,2,0,0,1.0,23.775,198.125,0
1,1,50.0,247.5208,0,2,0,1,2.0,247.5208,12376.04,1
1,0,29.0,31.0,2,1,1,0,0.0,31.0,899.0,0
2,1,42.0,26.0,2,2,0,0,2.0,52.0,1092.0,1
3,0,29.0,21.6792,0,3,0,0,0.0,65.0376,628.6968,0
2,0,60.0,39.0,2,3,0,0,0.0,78.0,2340.0,0
2,0,70.0,10.5,2,1,1,0,0.0,21.0,735.0,0
3,1,18.0,9.8417,2,1,1,0,1.0,29.5251,177.1506,1
2,1,29.0,12.35,1,1,1,1,1.0,24.7,358.15,1
2,0,30.0,13.0,2,1,1,0,0.0,26.0,390.0,0
1,0,61.0,33.5,2,1,1,1,0.0,33.5,2043.5,0
1,0,33.0,5.0,2,1,1,1,0.0,5.0,165.0,0
3,0,27.0,14.4542,0,2,0,0,0.0,43.3626,390.2634,0
1,0,65.0,61.9792,0,2,0,1,0.0,61.9792,4028.648,0
3,0,21.0,7.8,2,1,1,0,0.0,23.4,163.79999999999998,0
3,1,16.0,7.7333,1,1,1,0,1.0,23.1999,123.7328,1
2,0,39.0,13.0,2,1,1,0,0.0,26.0,507.0,0
1,1,33.0,86.5,2,1,1,1,4.0,86.5,2854.5,1
3,0,29.0,7.2292,0,1,1,0,0.0,21.6876,209.64679999999998,0
3,1,29.0,15.5,1,2,0,0,1.0,46.5,449.5,1
2,1,23.0,13.7917,0,1,1,1,2.0,27.5834,317.20910000000003,1
1,1,33.0,53.1,2,2,0,1,2.0,53.1,1752.3,1
1,1,49.0,76.7292,0,2,0,1,2.0,76.7292,3759.7308000000003,1
3,1,4.0,13.4167,0,2,0,0,1.0,40.2501,53.6668,1
3,0,29.0,8.05,2,1,1,0,0.0,24.150000000000002,233.45000000000002,0
3,0,29.0,7.75,1,1,1,0,0.0,23.25,224.75,0
2,1,29.0,33.0,2,1,1,0,1.0,66.0,957.0,1
3,1,5.0,12.475,2,1,1,0,1.0,37.425,62.375,1
2,1,22.0,41.5792,0,4,0,0,2.0,83.1584,914.7424,1
2,0,34.0,26.0,2,2,0,0,0.0,52.0,884.0,0
3,0,40.0,27.9,2,6,0,0,0.0,83.69999999999999,1116.0,0
1,0,64.0,263.0,2,6,0,1,0.0,263.0,16832.0,0
3,0,29.0,7.8958,0,1,1,0,0.0,23.6874,228.97820000000002,0
3,1,29.0,7.75,1,1,1,0,1.0,23.25,224.75,1
2,0,51.0,12.525,2,1,1,0,4.0,25.05,638.775,0
3,1,19.0,7.8792,1,1,1,0,1.0,23.6376,149.7048,1
3,0,33.0,20.525,2,3,0,0,0.0,61.574999999999996,677.3249999999999,0
3,0,26.0,7.8958,2,1,1,0,0.0,23.6874,205.29080000000002,0
1,1,52.0,78.2667,0,2,0,1,2.0,78.2667,4069.8684,1
3,0,29.0,7.2292,0,1,1,0,0.0,21.6876,209.64679999999998,0
2,1,4.0,23.0,2,3,0,0,1.0,46.0,92.0,1
2,0,24.0,73.5,2,3,0,0,0.0,147.0,1764.0,0
3,1,22.0,9.8375,2,1,1,0,1.0,29.512500000000003,216.425,0
1,0,23.0,63.3583,0,2,0,1,0.0,63.3583,1457.2409,1
2,0,1.0,37.0042,0,3,0,0,3.0,74.0084,37.0042,1
2,0,21.0,73.5,2,1,1,0,0.0,147.0,1543.5,0
2,0,52.0,13.5,2,1,1,0,0.0,27.0,702.0,0
3,0,28.0,7.8958,2,1,1,0,0.0,23.6874,221.0824,0
1,1,22.0,49.5,0,3,0,1,1.0,49.5,1089.0,1
3,1,0.75,19.2583,0,4,0,0,1.0,57.774899999999995,14.443724999999999,1
1,1,35.0,135.6333,2,1,1,1,1.0,135.6333,4747.1655,1
2,1,14.0,30.0708,0,2,0,0,2.0,60.1416,420.9912,1
2,1,18.0,13.0,2,3,0,0,1.0,26.0,234.0,1
1,0,54.0,77.2875,2,2,0,1,0.0,77.2875,4173.525,0
3,0,29.0,8.05,2,1,1,0,0.0,24.150000000000002,233.45000000000002,0
3,0,4.0,27.9,2,6,0,0,3.0,83.69999999999999,111.6,0
3,0,29.0,7.775,2,1,1,0,0.0,23.325000000000003,225.47500000000002,0
2,0,36.0,12.875,0,1,1,1,0.0,25.75,463.5,0
1,1,35.0,52.0,2,2,0,0,2.0,52.0,1820.0,1
3,1,29.0,16.1,2,2,0,0,2.0,48.300000000000004,466.90000000000003,1
3,0,18.0,7.7958,2,1,1,0,0.0,23.3874,140.3244,0
2,1,8.0,26.25,2,3,0,0,1.0,52.5,210.0,1
3,0,42.0,7.55,2,1,1,0,0.0,22.65,317.09999999999997,0
1,0,29.0,26.0,2,1,1,1,0.0,26.0,754.0,0
1,0,28.0,82.1708,0,2,0,0,0.0,82.1708,2300.7824,0
3,0,21.0,7.925,2,1,1,0,0.0,23.775,166.42499999999998,0
3,1,37.0,9.5875,2,1,1,0,1.0,28.762500000000003,354.7375,0
3,0,29.0,9.5,2,1,1,0,0.0,28.5,275.5,1
2,0,25.0,26.0,2,2,0,0,0.0,52.0,650.0,0
2,0,32.0,73.5,2,3,0,0,0.0,147.0,2352.0,0
1,0,60.0,79.2,0,3,0,1,0.0,79.2,4752.0,1
3,0,29.0,7.55,2,1,1,0,0.0,22.65,218.95,0
1,0,49.0,89.1042,0,2,0,1,0.0,89.1042,4366.1058,1
1,0,45.0,26.55,2,1,1,0,0.0,26.55,1194.75,1
3,1,18.0,9.35,2,2,0,0,2.0,28.049999999999997,168.29999999999998,1
3,0,29.0,7.225,0,1,1,0,0.0,21.674999999999997,209.52499999999998,0
3,0,4.0,31.275,2,7,0,0,3.0,93.82499999999999,125.1,0
1,0,37.0,29.7,0,2,0,1,0.0,29.7,1098.8999999999999,0
3,0,19.0,7.8958,2,1,1,0,0.0,23.6874,150.02020000000002,0
3,0,17.0,8.6625,2,1,1,0,0.0,25.987499999999997,147.2625,0
3,0,32.0,56.4958,2,1,1,0,0.0,169.4874,1807.8656,1
2,0,57.0,12.35,1,1,1,0,4.0,24.7,703.9499999999999,0
3,0,33.0,8.6625,0,1,1,0,0.0,25.987499999999997,285.8625,0
1,0,27.0,76.7292,0,1,1,1,0.0,76.7292,2071.6884,1
3,0,34.0,8.05,2,1,1,0,0.0,24.150000000000002,273.70000000000005,0
1,1,35.0,53.1,2,2,0,1,2.0,53.1,1858.5,1
1,0,18.0,108.9,0,2,0,1,0.0,108.9,1960.2,0
1,0,46.0,61.175,2,2,0,1,0.0,61.175,2814.0499999999997,0
2,0,29.0,21.0,2,2,0,0,0.0,42.0,609.0,0
1,1,62.0,80.0,2,1,1,1,2.0,80.0,4960.0,1
1,0,29.0,30.5,2,1,1,1,0.0,30.5,884.5,1
3,1,29.0,25.4667,2,5,0,0,1.0,76.4001,738.5343,0
3,0,20.0,15.7417,0,3,0,0,0.0,47.2251,314.834,1
3,0,29.0,14.5,2,1,1,0,0.0,43.5,420.5,0
3,1,29.0,25.4667,2,5,0,0,1.0,76.4001,738.5343,0
3,0,35.0,7.8958,0,1,1,0,0.0,23.6874,276.353,0
3,0,30.0,7.8958,2,1,1,0,0.0,23.6874,236.87400000000002,0
2,0,25.0,13.0,2,1,1,0,0.0,26.0,325.0,0
3,0,36.0,15.55,2,2,0,0,0.0,46.650000000000006,559.8000000000001,0
3,0,22.0,7.225,0,1,1,0,0.0,21.674999999999997,158.95,1
1,0,34.0,26.55,2,1,1,0,0.0,26.55,902.7,1
3,0,29.0,7.75,1,1,1,0,0.0,23.25,224.75,0
3,0,9.0,20.525,2,3,0,0,3.0,61.574999999999996,184.725,1
3,0,45.0,6.975,2,1,1,0,0.0,20.924999999999997,313.875,0
3,1,0.75,19.2583,0,4,0,0,1.0,57.774899999999995,14.443724999999999,1
3,0,27.0,6.975,2,1,1,0,0.0,20.924999999999997,188.325,1
1,0,42.0,26.2875,2,1,1,1,0.0,26.2875,1104.075,1
2,0,21.0,11.5,2,2,0,0,0.0,23.0,241.5,0
1,1,48.0,25.9292,2,1,1,1,2.0,25.9292,1244.6016,1
2,1,28.0,12.65,2,1,1,0,2.0,25.3,354.2,1
3,0,2.0,21.075,2,5,0,0,3.0,63.224999999999994,42.15,0
3,1,29.0,7.75,1,1,1,0,1.0,23.25,224.75,1
3,0,20.0,7.8542,2,1,1,0,0.0,23.5626,157.084,0
2,0,19.0,10.5,2,1,1,0,0.0,21.0,199.5,1
3,0,29.0,56.4958,2,1,1,0,0.0,169.4874,1638.3782,1
3,1,2.0,31.275,2,7,0,0,1.0,93.82499999999999,62.55,0
3,0,29.0,7.7375,1,1,1,0,0.0,23.2125,224.3875,0
1,1,52.0,93.5,2,3,0,1,2.0,93.5,4862.0,1
3,0,39.0,31.275,2,7,0,0,0.0,93.82499999999999,1219.725,0
2,0,18.0,73.5,2,1,1,0,0.0,147.0,1323.0,0
3,0,39.0,7.925,2,1,1,0,0.0,23.775,309.075,0
3,0,27.0,8.6625,2,1,1,0,0.0,25.987499999999997,233.8875,1
2,1,30.0,21.0,2,4,0,0,2.0,42.0,630.0,1
3,1,45.0,14.4542,0,2,0,0,2.0,43.3626,650.439,0
3,0,30.0,9.5,2,1,1,0,0.0,28.5,285.0,1
2,1,27.0,21.0,2,2,0,0,2.0,42.0,567.0,0
3,1,29.0,7.75,1,1,1,0,1.0,23.25,224.75,1
2,0,36.0,10.5,2,1,1,0,0.0,21.0,378.0,0
1,1,26.0,78.85,2,1,1,0,1.0,78.85,2050.1,1
2,1,38.0,13.0,2,1,1,0,1.0,26.0,494.0,0
2,1,24.0,18.75,2,6,0,0,2.0,37.5,450.0,1
3,0,29.0,8.05,2,1,1,0,0.0,24.150000000000002,233.45000000000002,0
3,0,25.0,7.25,2,1,1,0,0.0,21.75,181.25,0
3,0,14.0,39.6875,2,6,0,0,0.0,119.0625,555.625,0
3,0,28.0,7.8542,2,1,1,0,0.0,23.5626,219.9176,0
3,0,51.0,7.75,2,1,1,0,0.0,23.25,395.25,0
3,0,29.0,7.225,0,1,1,0,0.0,21.674999999999997,209.52499999999998,0
3,0,18.0,8.05,2,1,1,0,0.0,24.150000000000002,144.9,1
2,0,36.5,26.0,2,3,0,1,0.0,52.0,949.0,0
3,0,29.0,8.05,2,1,1,0,0.0,24.150000000000002,233.45000000000002,0
3,0,29.0,7.25,2,1,1,0,0.0,21.75,210.25,0
3,0,26.0,8.05,2,1,1,0,0.0,24.150000000000002,209.3,0
3,0,18.0,20.2125,2,3,0,0,0.0,60.637499999999996,363.825,0
3,0,29.0,7.75,1,1,1,0,0.0,23.25,224.75,0
1,0,56.0,26.55,2,1,1,0,0.0,26.55,1486.8,0
3,1,11.0,31.275,2,7,0,0,1.0,93.82499999999999,344.025,0
1,0,42.0,52.0,2,2,0,0,0.0,52.0,2184.0,0
1,0,31.0,50.4958,2,1,1,1,0.0,50.4958,1565.3698000000002,0
3,1,29.0,21.075,2,5,0,0,2.0,63.224999999999994,611.175,0
3,0,70.5,7.75,1,1,1,0,0.0,23.25,546.375,0
3,0,28.0,22.525,2,1,1,0,0.0,67.57499999999999,630.6999999999999,0
3,0,20.0,4.0125,0,1,1,0,0.0,12.037500000000001,80.25,0
3,0,20.0,8.05,2,1,1,0,0.0,24.150000000000002,161.0,0
2,1,40.0,39.0,2,3,0,0,2.0,78.0,1560.0,1
1,0,29.0,30.0,2,1,1,1,0.0,30.0,870.0,0
1,0,29.0,29.7,0,1,1,1,0.0,29.7,861.3,1
2,1,55.0,16.0,2,1,1,0,2.0,32.0,880.0,1
2,1,25.0,30.0,2,3,0,0,1.0,60.0,750.0,1
2,0,21.0,73.5,2,3,0,0,0.0,147.0,1543.5,0
3,0,29.0,7.05,2,1,1,0,0.0,21.15,204.45,0
3,1,2.0,10.4625,2,2,0,1,1.0,31.387500000000003,20.925,0
3,0,36.0,24.15,2,3,0,0,0.0,72.44999999999999,869.4,0
3,1,9.0,31.275,2,7,0,0,1.0,93.82499999999999,281.47499999999997,0
3,0,17.0,7.0542,2,2,0,0,0.0,21.162599999999998,119.92139999999999,0
3,0,16.0,8.05,2,1,1,0,0.0,24.150000000000002,128.8,1
3,0,1.0,20.575,2,4,0,0,3.0,61.724999999999994,20.575,1
3,0,17.0,7.125,2,1,1,0,0.0,21.375,121.125,0
2,0,46.0,26.0,2,1,1,0,0.0,52.0,1196.0,0
1,0,29.0,26.55,2,1,1,0,0.0,26.55,769.95,1
3,0,8.0,29.125,1,6,0,0,3.0,87.375,233.0,0
3,0,39.0,7.925,2,1,1,0,0.0,23.775,309.075,1
3,1,22.0,7.75,2,1,1,0,1.0,23.25,170.5,1
3,0,32.0,8.3625,2,1,1,0,0.0,25.087500000000002,267.6,0
3,0,33.0,7.775,2,1,1,0,0.0,23.325000000000003,256.575,0
3,0,29.0,7.75,1,1,1,0,0.0,23.25,224.75,0
1,0,64.0,26.0,2,1,1,0,0.0,26.0,1664.0,0
3,0,22.0,8.05,2,1,1,0,0.0,24.150000000000002,177.10000000000002,0
3,1,29.0,14.4583,0,2,0,0,2.0,43.3749,419.29069999999996,0
3,0,22.0,9.0,2,1,1,0,0.0,27.0,198.0,0
3,1,18.0,18.0,2,3,0,0,1.0,54.0,324.0,0
1,1,29.0,79.2,0,1,1,0,2.0,79.2,2296.8,1
1,0,29.0,26.55,2,1,1,1,0.0,26.55,769.95,0
3,0,19.0,7.775,2,1,1,0,0.0,23.325000000000003,147.725,0
3,0,19.0,6.75,1,1,1,0,0.0,20.25,128.25,0
2,0,54.0,14.0,2,1,1,0,4.0,28.0,756.0,0
3,0,29.0,14.5,2,1,1,0,0.0,43.5,420.5,0
2,0,18.0,11.5,2,1,1,0,0.0,23.0,207.0,0
3,0,40.0,7.8958,2,1,1,0,0.0,23.6874,315.832,0
3,0,32.0,7.8542,2,1,1,0,0.0,23.5626,251.3344,1
1,1,29.0,55.0,2,2,0,1,2.0,55.0,1595.0,1
2,1,28.0,26.0,2,2,0,0,2.0,52.0,728.0,1
1,1,56.0,83.1583,0,2,0,1,2.0,83.1583,4656.864799999999,1
3,0,19.0,8.05,2,1,1,0,0.0,24.150000000000002,152.95000000000002,1
1,0,40.0,27.7208,0,1,1,0,4.0,27.7208,1108.832,0
3,1,29.0,15.5,1,2,0,0,1.0,46.5,449.5,1
1,0,50.0,106.425,0,2,0,1,0.0,106.425,5321.25,0
2,0,29.0,13.0,2,1,1,0,0.0,26.0,377.0,1
1,0,48.0,76.7292,0,2,0,1,0.0,76.7292,3683.0016000000005,1
3,0,29.0,8.05,2,1,1,0,0.0,24.150000000000002,233.45000000000002,0
2,1,5.0,27.75,2,4,0,0,1.0,55.5,138.75,1
1,0,47.0,52.0,2,1,1,1,0.0,52.0,2444.0,0
1,1,31.0,113.275,0,2,0,1,1.0,113.275,3511.525,1
2,0,30.0,24.0,0,2,0,0,0.0,48.0,720.0,0
3,0,29.0,7.8958,2,1,1,0,0.0,23.6874,228.97820000000002,0
3,0,11.0,46.9,2,8,0,0,3.0,140.7,515.9,0
1,0,47.0,34.0208,2,1,1,1,0.0,34.0208,1598.9776000000002,0
3,0,31.0,7.925,2,1,1,0,0.0,23.775,245.67499999999998,1
1,1,58.0,26.55,2,1,1,1,1.0,26.55,1539.9,1
3,1,2.0,27.9,2,6,0,0,1.0,83.69999999999999,55.8,0
1,1,30.0,86.5,2,1,1,1,1.0,86.5,2595.0,1
2,0,34.0,13.0,2,1,1,1,0.0,26.0,442.0,1
1,1,23.0,263.0,2,6,0,1,1.0,263.0,6049.0,1
3,0,40.5,7.75,1,1,1,0,0.0,23.25,313.875,0
3,0,28.5,7.2292,0,1,1,0,0.0,21.6876,206.0322,0
1,0,45.0,83.475,2,2,0,1,0.0,83.475,3756.3749999999995,0
3,0,28.0,7.8958,2,1,1,0,0.0,23.6874,221.0824,0
1,0,49.0,56.9292,0,2,0,1,4.0,56.9292,2789.5308,1
3,0,59.0,7.25,2,1,1,0,0.0,21.75,427.75,0
3,0,28.5,16.1,2,1,1,0,0.0,48.300000000000004,458.85,0
3,0,51.0,8.05,2,1,1,0,0.0,24.150000000000002,410.55,0
2,1,50.0,26.0,2,2,0,0,2.0,52.0,1300.0,1
3,1,63.0,9.5875,2,1,1,0,2.0,28.762500000000003,604.0125,1
3,1,30.0,8.6625,2,1,1,0,1.0,25.987499999999997,259.875,0
1,1,30.0,56.9292,0,1,1,1,1.0,56.9292,1707.876,1
3,0,29.0,15.2458,0,3,0,0,3.0,45.737399999999994,442.1282,1
1,0,52.0,30.5,2,1,1,1,4.0,30.5,1586.0,1
1,0,29.0,227.525,0,1,1,0,0.0,227.525,6598.225,0
3,0,20.0,7.8542,2,1,1,0,0.0,23.5626,157.084,0
2,0,23.0,15.0458,0,1,1,0,0.0,30.0916,346.0534,0
3,0,16.0,9.2167,2,1,1,0,0.0,27.6501,147.4672,0
3,0,30.0,8.05,2,1,1,0,0.0,24.150000000000002,241.50000000000003,0
1,0,36.0,40.125,0,1,1,1,0.0,40.125,1444.5,0
3,1,28.0,14.4,2,3,0,0,2.0,43.2,403.2,0
2,1,29.0,26.0,2,2,0,0,2.0,52.0,754.0,1
3,0,29.0,7.8958,2,1,1,0,0.0,23.6874,228.97820000000002,0
3,0,29.0,15.5,1,2,0,0,0.0,46.5,449.5,0
3,1,29.0,7.8792,1,1,1,0,1.0,23.6376,228.4968,1
1,0,50.0,133.65,2,3,0,0,4.0,133.65,6682.5,1
2,1,24.0,13.0,2,1,1,0,1.0,26.0,312.0,0
3,1,6.0,31.275,2,7,0,0,1.0,93.82499999999999,187.64999999999998,0
3,0,38.0,8.6625,2,1,1,0,0.0,25.987499999999997,329.175,0
3,0,25.0,7.225,0,1,1,0,0.0,21.674999999999997,180.625,0
2,0,66.0,10.5,2,1,1,0,0.0,21.0,693.0,0
1,1,24.0,49.5042,0,1,1,1,4.0,49.5042,1188.1008,1
3,0,19.0,10.1708,2,1,1,0,0.0,30.5124,193.2452,0
3,0,34.0,6.4958,2,1,1,0,0.0,19.4874,220.8572,0
3,0,2.0,39.6875,2,6,0,0,3.0,119.0625,79.375,0
3,0,29.0,7.75,1,1,1,0,0.0,23.25,224.75,0
3,0,28.0,7.925,2,3,0,0,0.0,23.775,221.9,0
3,1,15.0,14.4542,0,2,0,0,2.0,43.3626,216.813,1
1,0,38.0,0.0,2,1,1,0,4.0,0.0,0.0,0
3,1,29.0,7.75,1,1,1,0,1.0,23.25,224.75,1
1,0,42.0,52.5542,2,2,0,1,0.0,52.5542,2207.2764,1
3,1,29.0,15.2458,0,3,0,0,2.0,45.737399999999994,442.1282,1
2,0,28.0,13.5,2,1,1,0,0.0,27.0,378.0,0
3,1,29.0,24.15,1,2,0,0,1.0,72.44999999999999,700.3499999999999,1
1,1,21.0,262.375,0,5,0,1,1.0,262.375,5509.875,1
2,1,19.0,26.0,2,2,0,0,2.0,52.0,494.0,1
2,1,24.0,14.5,2,3,0,0,2.0,29.0,348.0,1
1,1,29.0,110.8833,0,1,1,0,1.0,110.8833,3215.6157000000003,1
3,0,4.0,29.125,1,6,0,0,3.0,87.375,116.5,0
3,1,26.0,7.8542,2,1,1,0,1.0,23.5626,204.20919999999998,1
3,0,29.0,24.15,1,2,0,0,0.0,72.44999999999999,700.3499999999999,0
2,1,34.0,32.5,2,3,0,0,2.0,65.0,1105.0,1
2,0,34.0,13.0,2,1,1,0,0.0,26.0,442.0,0
3,1,14.0,11.2417,0,2,0,0,1.0,33.7251,157.3838,1
1,0,54.0,51.8625,2,1,1,1,0.0,51.8625,2800.575,0
1,1,38.0,80.0,2,1,1,1,1.0,80.0,3040.0,1
1,0,25.0,91.0792,0,2,0,1,0.0,91.0792,2276.98,1
3,0,29.0,8.6625,2,1,1,0,0.0,25.987499999999997,251.21249999999998,0
1,1,17.0,57.0,2,2,0,1,2.0,57.0,969.0,1
2,0,24.0,10.5,2,1,1,0,0.0,21.0,252.0,0
2,0,29.0,13.8625,0,1,1,0,0.0,27.725,402.01250000000005,1
2,1,30.0,12.35,1,1,1,0,1.0,24.7,370.5,1
1,0,62.0,26.55,2,1,1,1,0.0,26.55,1646.1000000000001,0
1,1,29.0,51.8625,2,2,0,1,2.0,51.8625,1504.0124999999998,1
2,0,8.0,36.75,2,3,0,0,3.0,73.5,294.0,1
3,1,29.0,7.7333,1,1,1,0,1.0,23.1999,224.26569999999998,1
2,0,28.0,33.0,2,2,0,0,4.0,66.0,924.0,0
3,0,16.0,39.6875,2,6,0,0,0.0,119.0625,635.0,0
1,1,24.0,83.1583,0,1,1,1,1.0,83.1583,1995.7992,1
3,0,32.0,7.925,2,1,1,0,0.0,23.775,253.6,1
2,0,32.0,26.0,2,2,0,0,0.0,52.0,832.0,1
3,0,26.0,56.4958,2,1,1,0,0.0,169.4874,1468.8908000000001,1
3,0,29.0,19.9667,2,2,0,0,0.0,59.900099999999995,579.0343,0
3,0,29.0,7.8958,2,1,1,0,0.0,23.6874,228.97820000000002,0
3,0,22.0,7.2292,0,1,1,0,0.0,21.6876,159.0424,0
3,1,29.0,7.75,1,1,1,0,1.0,23.25,224.75,0
3,0,32.0,56.4958,2,1,1,0,0.0,169.4874,1807.8656,1
3,1,31.0,8.6833,2,1,1,0,2.0,26.049899999999997,269.1823,1
2,0,16.0,26.0,2,1,1,0,0.0,52.0,416.0,0
3,1,41.0,39.6875,2,6,0,0,2.0,119.0625,1627.1875,0
2,0,34.0,21.0,2,2,0,0,0.0,42.0,714.0,0
1,1,15.0,211.3375,2,2,0,1,1.0,211.3375,3170.0625,1
3,1,2.0,12.2875,2,2,0,0,1.0,36.8625,24.575,1
2,0,0.83,29.0,2,3,0,0,3.0,58.0,24.07,1
3,1,9.0,34.375,2,5,0,0,1.0,103.125,309.375,0
3,0,24.0,8.05,2,1,1,0,0.0,24.150000000000002,193.20000000000002,0
3,0,25.0,0.0,2,1,1,0,0.0,0.0,0.0,1
2,0,29.0,10.5,2,1,1,0,0.0,21.0,304.5,0
2,1,40.0,15.75,2,1,1,0,2.0,31.5,630.0,1
3,1,26.0,16.1,2,2,0,0,2.0,48.300000000000004,418.6,0
2,1,34.0,13.0,2,1,1,0,1.0,26.0,442.0,1
3,0,29.0,56.4958,2,1,1,0,0.0,169.4874,1638.3782,0
2,0,19.0,36.75,2,3,0,0,0.0,73.5,698.25,0
2,0,35.0,26.0,2,1,1,0,0.0,52.0,910.0,0
3,1,40.0,9.475,2,2,0,0,2.0,28.424999999999997,379.0,0
1,0,50.0,55.9,2,2,0,1,0.0,55.9,2795.0,0
2,1,48.0,65.0,2,4,0,0,2.0,130.0,3120.0,1
1,0,40.0,31.0,0,1,1,1,0.0,31.0,1240.0,1
3,1,29.0,7.75,1,1,1,0,1.0,23.25,224.75,1
3,0,17.0,8.6625,2,1,1,0,0.0,25.987499999999997,147.2625,0
1,1,50.0,28.7125,0,1,1,1,1.0,28.7125,1435.625,0
1,0,24.0,79.2,0,1,1,1,0.0,79.2,1900.8000000000002,0
2,1,18.0,23.0,2,2,0,0,1.0,46.0,414.0,1
3,0,45.0,8.05,2,1,1,0,0.0,24.150000000000002,362.25000000000006,1
3,0,29.0,7.2292,0,1,1,0,0.0,21.6876,209.64679999999998,1
3,1,31.0,18.0,2,2,0,0,2.0,54.0,558.0,0
3,1,14.0,7.8542,2,1,1,0,1.0,23.5626,109.9588,0
1,0,80.0,30.0,2,1,1,1,0.0,30.0,2400.0,1
3,1,29.0,7.8292,1,1,1,0,1.0,23.4876,227.04680000000002,1
1,0,29.0,30.0,2,1,1,1,0.0,30.0,870.0,1
3,0,47.0,7.25,2,1,1,0,0.0,21.75,340.75,0
2,0,35.0,10.5,2,1,1,0,0.0,21.0,367.5,0
3,0,22.0,7.25,2,2,0,0,0.0,21.75,159.5,0
2,0,34.0,13.0,2,1,1,0,0.0,26.0,442.0,0
2,0,28.0,10.5,2,1,1,0,0.0,21.0,294.0,0
3,0,31.0,7.775,2,1,1,0,0.0,23.325000000000003,241.025,0
2,0,48.0,13.0,2,1,1,0,0.0,26.0,624.0,0
3,1,10.0,24.15,2,3,0,0,1.0,72.44999999999999,241.5,0
2,1,24.0,27.0,2,4,0,0,2.0,54.0,648.0,1
1,1,16.0,57.9792,0,2,0,1,1.0,57.9792,927.6672,1
3,1,29.0,7.75,1,3,0,0,1.0,23.25,224.75,0
2,1,24.0,13.0,2,1,1,1,1.0,26.0,312.0,1
2,1,24.0,26.0,2,2,0,0,2.0,52.0,624.0,1
3,0,1.0,39.6875,2,6,0,0,3.0,119.0625,39.6875,0
1,0,29.0,52.0,2,1,1,1,0.0,52.0,1508.0,0
1,1,36.0,71.0,2,3,0,1,1.0,71.0,2556.0,1
2,1,31.0,26.25,2,3,0,0,2.0,52.5,813.75,1
1,0,71.0,49.5042,0,1,1,0,0.0,49.5042,3514.7981999999997,0
1,1,45.0,164.8667,2,3,0,0,2.0,164.8667,7419.0015,1
3,1,23.0,7.55,2,1,1,0,1.0,22.65,173.65,1
3,0,29.0,8.05,2,1,1,0,0.0,24.150000000000002,233.45000000000002,0
3,0,29.0,7.75,1,1,1,0,0.0,23.25,224.75,0
2,1,34.0,10.5,2,1,1,1,2.0,21.0,357.0,1
3,1,29.0,8.1375,1,1,1,0,1.0,24.412499999999998,235.98749999999998,0
3,0,48.0,7.8542,2,1,1,0,0.0,23.5626,377.0016,0
2,1,33.0,27.75,2,4,0,0,2.0,55.5,915.75,1
1,1,44.0,57.9792,0,2,0,1,2.0,57.9792,2551.0848,1
3,0,16.0,9.5,2,1,1,0,0.0,28.5,152.0,0
3,0,30.5,8.05,2,1,1,0,0.0,24.150000000000002,245.52500000000003,0
3,0,19.0,7.8958,2,1,1,0,0.0,23.6874,150.02020000000002,0
1,0,29.0,221.7792,2,1,1,1,0.0,221.7792,6431.5968,0
1,0,45.0,26.55,2,1,1,1,4.0,26.55,1194.75,0
3,0,2.0,29.125,1,6,0,0,3.0,87.375,58.25,0
1,1,35.0,512.3292,0,1,1,0,1.0,512.3292,17931.522,1
3,0,7.0,29.125,1,6,0,0,3.0,87.375,203.875,0
3,0,19.0,7.65,2,1,1,1,0.0,22.950000000000003,145.35,0
2,0,37.0,26.0,2,2,0,0,0.0,52.0,962.0,0
3,0,14.0,46.9,2,8,0,0,0.0,140.7,656.6,0
3,0,29.0,14.4583,0,1,1,0,0.0,43.3749,419.29069999999996,0
1,0,31.0,57.0,2,2,0,1,0.0,57.0,1767.0,1
1,0,35.0,26.2875,2,1,1,1,0.0,26.2875,920.0625,1
1,0,38.0,90.0,2,2,0,1,0.0,90.0,3420.0,1
3,0,22.0,7.125,2,1,1,0,0.0,21.375,156.75,0
2,1,44.0,26.0,2,2,0,0,2.0,52.0,1144.0,0
1,1,24.0,69.3,0,1,1,1,4.0,69.3,1663.1999999999998,1
3,0,34.5,6.4375,0,1,1,0,0.0,19.3125,222.09375,0
2,1,4.0,39.0,2,4,0,1,1.0,78.0,156.0,1
3,0,29.0,7.8958,2,1,1,0,0.0,23.6874,228.97820000000002,0
3,1,27.0,11.1333,2,3,0,0,2.0,33.3999,300.5991,1
3,0,29.0,24.15,1,1,1,0,0.0,72.44999999999999,700.3499999999999,0
1,1,16.0,39.4,2,2,0,1,1.0,39.4,630.4,1
2,1,32.5,13.0,2,1,1,1,1.0,26.0,422.5,1
3,1,23.0,7.925,2,1,1,0,1.0,23.775,182.275,0
3,0,33.0,8.6542,2,1,1,0,0.0,25.9626,285.5886,0
3,0,29.0,7.8958,2,1,1,0,0.0,23.6874,228.97820000000002,0
3,1,22.0,7.75,1,1,1,0,1.0,23.25,170.5,1
2,1,17.0,12.0,0,1,1,0,1.0,24.0,204.0,1
2,0,52.0,13.0,2,1,1,0,0.0,26.0,676.0,0
1,0,70.0,71.0,2,3,0,1,4.0,71.0,4970.0,0
1,0,30.0,27.75,0,1,1,1,0.0,27.75,832.5,0
3,1,29.0,23.25,1,3,0,0,1.0,69.75,674.25,1
1,1,29.0,82.1708,0,2,0,0,2.0,82.1708,2382.9532,1
3,1,29.0,7.225,0,1,1,0,2.0,21.674999999999997,209.52499999999998,1
3,0,29.0,7.75,1,1,1,0,0.0,23.25,224.75,1
3,0,29.0,8.1125,2,1,1,0,0.0,24.337500000000002,235.26250000000002,1
2,0,30.0,13.0,2,1,1,0,0.0,26.0,390.0,0
2,0,42.0,27.0,2,2,0,0,0.0,54.0,1134.0,0
3,0,40.0,15.5,1,3,0,0,0.0,46.5,620.0,0
3,0,22.0,7.7958,2,1,1,0,0.0,23.3874,171.5076,0
1,0,47.0,38.5,2,1,1,1,0.0,38.5,1809.5,0
3,0,29.0,15.1,2,1,1,0,0.0,45.3,437.9,0
3,0,25.0,7.05,2,1,1,0,0.0,21.15,176.25,0
3,0,33.0,7.8958,2,1,1,0,0.0,23.6874,260.5614,0
2,1,28.0,13.0,2,1,1,0,4.0,26.0,364.0,1
1,0,71.0,34.6542,0,1,1,1,0.0,34.6542,2460.4482000000003,0
3,0,24.0,7.05,2,1,1,0,0.0,21.15,169.2,0
2,0,0.67,14.5,2,3,0,0,3.0,29.0,9.715,1
2,1,36.0,13.0,2,1,1,1,2.0,26.0,468.0,1
3,0,42.0,8.4042,2,2,0,0,0.0,25.2126,352.97639999999996,0
1,1,18.0,79.65,2,3,0,1,1.0,79.65,1433.7,1
3,0,29.0,69.55,2,11,0,0,0.0,208.64999999999998,2016.9499999999998,0
2,1,50.0,10.5,2,1,1,0,1.0,21.0,525.0,1
3,0,29.0,7.8958,2,1,1,0,0.0,23.6874,228.97820000000002,0
2,1,57.0,10.5,2,1,1,1,2.0,21.0,598.5,0
3,0,4.0,11.1333,2,3,0,0,3.0,33.3999,44.5332,1
3,0,21.0,8.4333,2,1,1,0,0.0,25.299899999999997,177.09929999999997,0
3,1,18.0,14.4542,0,2,0,0,1.0,43.3626,260.17560000000003,0
2,1,17.0,10.5,2,1,1,0,1.0,21.0,178.5,1
3,0,1.0,46.9,2,8,0,0,3.0,140.7,46.9,0
2,0,27.0,13.0,2,1,1,0,4.0,26.0,351.0,0
2,1,26.0,26.0,2,3,0,0,2.0,52.0,676.0,0
3,0,44.0,16.1,2,2,0,0,0.0,48.300000000000004,708.4000000000001,0
1,0,48.0,52.0,2,2,0,1,0.0,52.0,2496.0,1
3,0,24.0,9.5,2,1,1,0,0.0,28.5,228.0,0
3,1,29.0,7.6292,1,1,1,0,1.0,22.8876,221.2468,0
3,1,29.0,22.3583,0,3,0,0,2.0,67.0749,648.3907,1
3,0,28.0,9.5,2,1,1,0,0.0,28.5,266.0,0
3,0,37.0,7.925,2,3,0,0,0.0,23.775,293.22499999999997,0
3,1,29.0,15.2458,0,3,0,0,2.0,45.737399999999994,442.1282,0
1,1,48.0,39.6,0,2,0,1,4.0,39.6,1900.8000000000002,1
3,1,24.0,19.2583,0,4,0,0,2.0,57.774899999999995,462.19919999999996,1
1,0,26.0,30.0,0,1,1,1,0.0,30.0,780.0,1
2,0,18.0,13.0,2,1,1,0,0.0,26.0,234.0,0
1,0,39.0,0.0,2,1,1,1,0.0,0.0,0.0,0
3,0,23.0,7.8958,2,1,1,0,0.0,23.6874,181.60340000000002,0
3,0,26.0,20.575,2,4,0,0,0.0,61.724999999999994,534.9499999999999,0
3,0,29.0,6.8583,1,1,1,0,0.0,20.5749,198.89069999999998,0
3,0,21.0,7.7333,1,1,1,0,0.0,23.1999,162.39929999999998,0
1,0,46.0,79.2,0,1,1,1,0.0,79.2,3643.2000000000003,0
1,0,36.0,120.0,2,4,0,1,0.0,120.0,4320.0,1
3,1,28.0,7.8958,2,1,1,0,1.0,23.6874,221.0824,0
3,0,25.0,7.65,2,1,1,1,0.0,22.950000000000003,191.25,0
2,0,27.0,13.0,2,1,1,0,0.0,26.0,351.0,0
3,0,29.0,8.05,2,1,1,0,0.0,24.150000000000002,233.45000000000002,0
3,0,21.0,8.05,2,1,1,0,0.0,24.150000000000002,169.05,0
1,1,39.0,83.1583,0,3,0,1,1.0,83.1583,3243.1737,1
1,1,42.0,227.525,0,1,1,0,1.0,227.525,9556.050000000001,1
1,1,63.0,77.9583,2,2,0,1,1.0,77.9583,4911.372899999999,1
3,0,10.0,27.9,2,6,0,0,3.0,83.69999999999999,279.0,0
3,0,29.0,7.2292,0,1,1,0,0.0,21.6876,209.64679999999998,0
3,0,24.0,7.7958,2,1,1,0,0.0,23.3874,187.0992,0
2,0,39.0,26.0,2,1,1,0,0.0,52.0,1014.0,0
2,1,36.0,26.0,2,2,0,0,2.0,52.0,936.0,1
2,0,18.0,11.5,2,1,1,0,0.0,23.0,207.0,0
3,0,35.0,8.05,2,1,1,0,0.0,24.150000000000002,281.75,0
3,0,7.0,39.6875,2,6,0,0,3.0,119.0625,277.8125,0
3,0,9.0,46.9,2,8,0,0,3.0,140.7,422.09999999999997,0
2,0,36.0,13.0,2,1,1,0,0.0,26.0,468.0,0
3,1,31.0,20.525,2,3,0,0,2.0,61.574999999999996,636.275,1
3,1,32.0,15.5,1,3,0,0,2.0,46.5,496.0,0
3,0,16.0,8.05,2,1,1,0,0.0,24.150000000000002,128.8,0
1,0,29.552401252141333,70.08705052610318,0,1,0,1,0.5728922113737437,70.08705052610318,1973.8912185117624,1
1,0,33.73161608601518,27.86121410587615,2,1,1,0,0.36397046815501377,30.77297785111626,883.6810664466512,1
1,0,24.974885917205597,67.58698617405302,0,1,0,1,3.4429223330253738,67.58698617405302,1677.6561654579914,1
3,0,32.0,7.924507789158391,2,1,1,0,0.0,23.773523367475175,253.58424925306852,1
1,1,23.128967630930788,44.742064738138424,2,1,0,0,1.4892526974224343,61.59672572319809,962.8710323690692,1
3,1,29.0,15.35190587700042,0,2,0,0,1.582588996851221,46.05571763100126,445.2052704330122,1
2,0,43.77686248376584,12.444730473823174,2,1,1,0,0.22210781047073025,24.88946094764635,541.3357359801147,1
1,1,24.558249775337877,108.20769159596857,0,2,0,1,1.0,108.20769159596857,2599.4126407562662,1
1,1,20.72661239965079,48.87061276766724,0,1,0,0,1.0,48.87061276766724,928.4547886718503,1
2,1,28.0,13.0,2,1,1,0,3.8287291117375575,26.0,364.0,1
1,0,10.14085570839435,59.858975307316065,1,2,0,1,2.676797067979245,64.31649318486672,324.12874090272663,1
2,1,17.518790621743367,10.158480133706341,2,1,1,0,1.0,25.42274192942437,177.7999439350195,1
3,1,29.0,7.745040416613549,1,1,1,0,1.0,23.23512124984065,224.60617208179292,1
3,0,16.363629602379294,8.00454629970259,2,3,0,0,0.363629602379294,24.013638899107765,130.9545053940973,1
2,0,19.197525420953276,25.796478271624927,1,1,1,0,0.9717820827209607,52.12310066412981,493.84409600703333,1
3,0,23.92489458988422,7.164543310486714,1,1,1,0,0.03755270505788877,21.49362993146014,171.36697252328386,1
3,0,11.266040662428278,17.711332844151556,2,2,0,0,2.748217704174636,53.13399853245466,180.5894757910684,1
1,0,63.40920069444872,41.33915774840196,2,2,0,1,1.005502988215229,41.33915774840196,2435.2164350083535,1
1,1,42.90263492945031,208.6724766000079,0,1,0,0,1.3008783098167696,208.6724766000079,8913.058459323538,1
3,0,29.0,56.4958,2,1,1,0,0.0,169.4874,1638.3782,1
1,1,38.852452210581866,80.03177990511942,2,2,0,1,2.0,80.03177990511942,3107.960115252026,1
1,0,59.884376978663404,43.74823590144939,2,2,0,1,1.2191286679597937,43.74823590144939,2442.6983967280235,1
1,0,54.98392586062683,28.535582141754002,2,1,1,1,2.5080370696865844,28.535582141754002,1563.0735029708505,1
3,1,24.0,15.89375693856249,2,2,0,0,2.0,47.68127081568747,381.45016652549975,1
2,0,32.606767678816944,13.625784229382582,1,1,0,0,1.5572929284732229,31.499756723223694,442.03572247671514,1
3,0,26.091734114033347,7.9131479524668915,2,1,1,0,0.9082658859666537,23.739443857400673,206.45698757032034,1
2,1,19.15605701600275,11.023785295532088,0,1,1,0,1.0,23.94609857459993,204.4911018758673,1
1,0,44.14489487209122,27.551157083755598,0,1,1,0,1.7102102558175538,27.551157083755598,1216.0978705392683,1
2,0,36.16875583555899,10.237664292311486,2,1,1,0,0.978905520555126,24.521415459423284,351.3919901815266,1
1,0,29.0,29.71147963671152,0,1,1,1,0.0,29.71147963671152,861.632909464634,1
1,0,29.0,29.8936442172092,0,1,1,1,0.0,29.8936442172092,866.9156822990668,1
1,0,30.655728905188244,30.83606777370294,0,1,1,0,1.9835933577823646,30.83606777370294,945.0817648193296,1
3,1,17.04647846131487,9.800944173682664,1,2,0,0,1.7616196153287176,29.40283252104799,165.69779204485133,1
3,0,20.7623624560076,7.71535032459791,2,1,0,0,0.7623624560076003,23.14605097379373,160.13907928041635,1
2,1,21.10789427501347,12.905435411687673,2,1,0,0,1.0,31.581985386124334,207.12354542298314,1
1,0,50.471132530877014,54.92478192668007,0,2,0,1,3.2644337345614938,54.92478192668007,2767.0470401908474,1
3,0,29.0,7.819417455664296,1,1,1,0,0.0,23.458252366992888,226.76310621426458,1
1,1,39.627638387934056,42.58622080363514,2,1,0,1,1.6335297107608948,42.58622080363514,1517.1642025050683,1
1,0,32.85690126370097,54.67887342037379,2,2,0,0,0.928450631850483,54.67887342037379,1791.603941744038,1
1,1,55.38159666842216,28.83545980450221,2,1,0,1,1.0902897700544083,28.83545980450221,1536.6597258771724,1
1,1,56.6824199647139,168.9536672791188,1,2,0,1,2.0,168.9536672791188,9473.184237790847,1
3,1,22.679219935028264,7.614156012994347,2,1,1,0,1.0,22.84246803898304,172.63954279533903,1
3,1,29.0,7.75,1,1,1,0,1.0,23.25,224.75,1
3,0,30.959224858445236,8.716601058107775,2,1,1,0,1.9184497168904722,26.149803174323324,269.8272689565708,1
2,0,5.181785886376484,16.780851772943755,2,2,0,0,2.181785886376484,40.933093012160825,81.86618602432165,1
1,0,41.28974255263087,29.942669055353214,0,1,1,1,0.6448712763154352,29.942669055353214,1233.4594575670983,1
2,1,24.08293914463928,18.696089555984468,1,5,0,0,2.0,37.649290460350706,449.99170608553607,1
3,1,29.0,7.75,1,1,1,0,1.0,23.25,224.75,1
1,0,34.77350422480206,26.34695514098946,2,1,1,0,0.0,26.34695514098946,916.1299671031259,1
1,1,38.35482720959055,79.87581047664331,2,1,0,1,1.35482720959055,79.87581047664331,3063.5427853563333,1
1,0,32.65126714199002,53.780029073119465,2,2,0,1,1.6512671419900171,53.780029073119465,1754.8631865063733,1
1,0,31.54531130948767,29.624672934555974,0,1,1,0,0.690937738102466,29.624672934555974,929.7682033035768,1
2,1,31.132646536994628,24.480618116704836,2,1,0,0,1.0,48.96123623340967,740.801030194508,1
1,1,28.683649943683672,55.632700112632655,2,2,0,0,1.9367299887367344,59.745250844744916,1592.7855496057857,1
2,0,25.624790558540067,7.459761328114626,2,1,1,0,0.13752094414599325,20.935314070810946,186.9738567237656,1
2,1,30.046398106301552,12.147334122374353,2,1,1,0,3.317867297899483,24.294668244748706,361.6125355426482,1
1,1,48.297897181391164,277.5695416020864,0,1,0,0,1.886526478759411,277.5695416020864,13006.440104728712,1
1,0,41.02101703762132,54.56079878607308,1,1,0,0,0.15061276344287444,54.56079878607308,2214.0180983946775,1
3,0,29.0,7.907816728856218,1,1,1,0,0.877339353380981,23.723450186568652,229.3266851368303,1
3,0,20.51588325543031,7.744440860599391,1,1,0,0,0.0,23.23332258179817,158.61607373247182,1
3,0,4.0,12.640307570714445,0,2,0,0,1.680031907931642,37.92092271214334,50.56123028285778,1
1,0,53.096666798792704,29.7780276907948,2,1,1,1,3.4516666006036476,29.7780276907948,1577.5739434292761,1
2,1,27.113594318803763,24.11992525510652,2,3,0,0,2.0,57.36935385213407,642.7847295160037,1
1,0,21.17384363808393,70.79032931709062,2,1,0,1,0.5296505783560065,70.79032931709062,1407.3763662557064,1
2,0,25.065181672796385,7.827529325424092,2,1,1,0,0.0,20.943138921817532,191.02769935081253,1
3,1,29.0,16.04413833931646,1,2,0,0,1.9068972321941007,48.132415017949384,465.2800118401774,1
1,0,17.0,110.67944801274884,0,2,0,1,0.2055684840933465,110.67944801274884,1881.5506162167303,1
2,0,29.0,13.085889425696628,1,1,1,0,0.0,26.171778851393256,379.4907933452022,1
1,0,41.03588396999405,47.80132289780937,1,2,0,1,1.4675941709069282,47.80132289780937,1928.4699524307111,1
2,1,12.626791462659096,18.453327609252263,0,2,0,0,1.6609702089512992,46.460450812728396,214.50319003358518,1
1,1,31.33340106686588,41.38361071004226,0,1,0,0,3.301580850774678,50.55036204362461,1185.7084350462435,1
1,0,53.80764543096191,36.62358171663202,0,1,0,1,4.0,36.62358171663202,1964.103335197485,1
2,1,34.82311792037938,31.83121668969175,2,2,0,0,2.0,63.6624333793835,1103.6624333793834,1
1,1,45.290074182362815,44.51832340593274,0,1,0,1,3.661259272795352,44.51832340593274,1911.5266993639534,1
2,0,27.44024890828475,10.279875545857625,2,1,1,0,0.7798755458576239,22.65093340606782,281.73900436686097,1
3,1,24.0,16.154273100768854,2,2,0,0,2.0,48.46281930230656,387.7025544184525,1
2,0,31.91586003500495,56.53822337035051,2,1,0,0,0.0,160.02271410161595,1804.4271698464984,1
2,1,3.3232574281892275,39.34400418704277,0,4,0,0,1.0,78.68800837408554,127.00240619337937,1
2,1,3.2028916229458417,40.545294723211434,0,4,0,0,1.0,84.27471985402917,128.0041449848469,1
3,0,29.0,15.2458,0,3,0,0,3.0,45.737399999999994,442.1282,1
1,0,22.21153218718248,54.738343881506886,2,1,0,0,0.9908029483833704,54.738343881506886,1209.8597449628464,1
3,0,27.202943085732063,8.606690651423682,2,1,1,0,0.0,25.820071954271043,234.02702337144078,1
1,0,26.355487616243607,65.16107176002909,0,1,0,1,2.6540070764322232,65.16107176002909,1698.1285163665837,1
3,0,27.010123167692438,7.792932106592732,1,1,1,0,0.0,23.378796319778196,210.48234928188594,1
2,1,33.4824241542525,27.468585910019378,2,3,0,0,2.0,54.937171820038756,919.0063630412044,1
1,0,44.51266210633414,144.5217882018255,2,1,0,0,2.3537986319002417,144.5217882018255,6383.9888185845775,1
2,0,2.0,26.0,2,3,0,0,2.3837903953853865,52.0,52.0,1
1,0,30.004891031440188,45.098297832848985,2,1,0,0,0.6519612595026005,45.098297832848985,1204.6924092074146,1
1,1,37.91550102298728,84.39326726348601,2,2,0,0,2.0,98.9707723784224,3143.271920716183,1
3,0,1.0,17.132824169460953,0,3,0,0,1.5756415573049283,51.39847250838286,17.132824169460953,1
1,1,31.1530109500384,36.533234487445604,1,3,0,0,1.7627509125032,61.3226391437996,1101.204014600051,1
2,1,29.952398188955605,11.950390648957574,2,1,1,0,2.0,23.90078129791515,355.11111915484594,1
2,0,25.197371076770363,72.59466051110397,2,1,0,0,0.25350859488197586,156.9419187616377,1648.9296840344587,1
1,0,31.40146840381114,29.440866400760104,0,1,1,0,0.6496328990472147,29.440866400760104,920.4349781439889,1
3,0,29.0,7.839241720861088,0,1,1,0,0.8492234104941779,23.517725162583265,227.33800990497156,1
3,0,29.0,15.332834802777253,0,2,0,0,2.6576128923003433,45.998504408331755,444.6522092805403,1
1,0,33.0436795533034,25.751394636690186,2,1,0,0,0.8633827933290568,34.16937687164849,813.1394064800513,1
2,1,24.37469907131237,14.359487848257862,2,2,0,0,2.187349535656185,28.718975696515724,349.49879628524945,1
2,0,34.0,13.0,2,1,1,0,0.6322841969405665,26.0,442.0,1
1,0,33.408785793909644,22.471873140633576,2,1,1,0,0.7347976323182746,37.902623419317344,744.2688227504763,1
3,0,23.26803106986275,7.301293625734258,2,1,1,0,0.0,21.903880877202777,169.52476363205824,1
2,0,0.8345882056920843,18.668807651861783,1,3,0,0,2.9460211095048914,37.76247505397699,15.567336508588362,1
2,1,28.78619544933352,12.744486478966605,1,1,1,0,2.820706825999719,25.48897295793321,366.55513521033396,1
2,1,27.431813779291545,10.303880976790262,2,1,1,0,1.1079534448228867,21.545154101011097,281.95435496305936,1
2,1,9.680247633975366,13.046438957122366,0,1,0,0,1.0,30.655505269304143,93.24940202402418,1
1,1,45.94811303541648,68.07783044687527,2,3,0,0,1.7948113035416484,119.74056517708243,3103.584904283332,1
2,0,1.3314926661700945,13.399584568495237,2,2,0,0,2.005274186210384,32.910515855460424,17.105812796456846,1
3,1,29.0,15.353351032527979,0,2,0,0,1.576903884626359,46.06005309758393,445.2471799433114,1
1,0,38.357836182558415,105.61549885367522,1,2,0,0,1.0149646123622722,105.61549885367522,3780.8687507753425,1
2,1,33.657084146423465,14.122647179838756,2,1,0,0,1.1952429877980446,28.245294359677512,464.4856262196352,1
3,1,29.0,7.81295114103052,1,1,1,0,1.0,23.438853423091558,226.57558308988507,1
3,0,29.0,15.428627665467534,0,2,0,0,2.280772362440856,46.2858829964026,447.43020229855847,1
2,1,38.17021176502018,31.262576722458405,2,6,0,0,2.0,93.14943604854955,1192.4459742851989,1
1,0,32.57224801050647,217.14184147559217,2,4,0,0,2.0635831122784967,217.14184147559217,6273.593300542809,1
1,0,28.708442717628195,34.614446602964755,1,1,1,1,0.7084427176281958,34.614446602964755,990.8120077706731,1
1,1,22.880917168705828,262.9627866152206,1,5,0,1,1.0,262.9627866152206,6016.899734289265,1
3,0,24.092142845994825,19.236609574052817,0,3,0,0,1.9078571540051747,57.70982872215845,463.4097634963954,1
2,1,4.0851356097795515,38.35190517055317,2,4,0,0,1.0,79.376004293062,156.07981463416834,1
3,0,23.668571697701,8.036133946022282,2,1,1,0,0.3701587002554444,24.108401838066847,184.18869861986556,1
3,0,29.0,15.496070928078362,0,2,0,0,1.0309132330577349,46.48821278423509,449.3860569142725,1
2,0,25.49822993811408,19.30450236733603,0,1,0,0,0.14336287482454924,56.04978972928895,488.87103994170286,1
3,0,26.428184148317314,7.8291940457382685,2,1,1,0,0.5718158516826857,23.487582137214805,206.89708317264711,1
1,1,45.433487352432294,164.48642488733782,2,2,0,0,2.0,164.48642488733782,7468.413172752843,1
1,0,49.40018025201822,88.60018388658993,0,2,0,1,0.07276004582149431,88.60018388658993,4371.522574407278,1
2,0,25.82407564373888,7.493141669477556,2,1,1,0,0.0,20.936024290839946,189.96761933515225,1
2,0,2.5888977841391716,22.29486125642078,1,2,0,0,2.4111022158608284,48.540254963071575,52.49078741330159,1
2,1,22.23607501462118,11.027991551375262,1,2,0,0,1.0,25.090245125950812,231.88073017995788,1
3,0,32.0,56.4958,2,1,1,0,0.0,169.4874,1807.8656,1
1,1,27.781545963906055,94.98558668805934,1,1,0,1,1.0,94.98558668805934,2598.2722197032385,1
3,0,3.8305072533139075,13.837601337845573,0,2,0,0,1.338985493372185,41.51280401353672,52.655470679073424,1
1,1,43.091179800666396,101.50385412655307,1,3,0,1,2.0,101.50385412655307,4209.141990660727,1
2,1,17.808464322482344,13.092843727415392,1,2,0,0,1.063845225839219,27.108519118156025,232.90269210350135,1
2,1,27.480148983374864,11.259925508312568,2,1,1,1,1.696029796674973,22.519851016625136,306.7797765249377,1
1,1,50.58920478883826,159.96359159593314,2,2,0,0,2.0,159.96359159593314,8056.094961724082,1
3,0,9.874588443936917,19.486834364098748,2,2,0,0,2.805647012458463,58.46050309229624,183.98894636558268,1
2,0,3.0,16.997229403907365,2,3,0,0,3.0,43.77307371233153,50.9916882117221,1
3,0,16.0,7.736449945671979,1,1,1,0,0.9900538501042633,23.20934983701594,123.78319913075167,1
2,1,28.0,12.699029405332784,2,1,1,0,2.280168030473048,25.398058810665567,355.5728233493179,1
1,1,40.921582004365945,104.94319336424346,0,2,0,0,2.0,104.94319336424346,3976.4154898241686,1
1,1,32.7927152947032,59.94258258642009,1,2,0,1,2.0,59.94258258642009,1857.6170861178814,1
1,0,30.888470733686933,70.4622813342079,0,1,0,1,0.0,70.4622813342079,2106.837064655943,1
3,1,22.0,7.75,1,1,1,0,1.0,23.25,170.5,1
1,0,36.73541381633516,25.624031950623397,0,1,1,0,0.5950318320257815,30.384286606829647,866.863547629441,1
1,1,52.65323006828636,99.999679063154,1,1,1,1,1.6405088487802448,99.999679063154,4932.246851736453,1
1,1,48.81669397543841,161.51851988963887,2,2,0,0,2.0,161.51851988963887,7854.0527942394665,1
1,1,45.95319422260743,180.6237821189634,1,2,0,0,2.0,180.6237821189634,8364.005591888523,1
1,1,22.379773210641638,53.95642119447784,1,1,0,1,1.5696598159624577,53.95642119447784,1205.8416352527584,1
2,0,2.0,26.0,2,3,0,0,1.2658553628397926,52.0,52.0,1
2,0,41.21916497300824,13.247264425214057,2,1,0,0,0.1735188948870574,27.869666092408043,544.0088706811711,1
1,1,33.88657601139062,97.3352680084195,0,1,0,0,1.0,97.3352680084195,3229.0821261721903,1
2,1,41.5106140628104,28.810960036044513,2,4,0,0,2.0,73.26807737259455,1186.9701005184643,1
1,0,49.755674653136154,18.92471990498176,2,1,1,0,1.5965903579335503,31.697442768450163,880.9076716946495,1
1,0,45.199711446222125,28.107660508038947,1,1,1,1,0.0,28.107660508038947,1262.3587592187553,1
1,1,35.231470036123255,186.1083031823843,2,2,0,1,1.0,186.1083031823843,6190.208746795788,1
2,1,26.95792669436101,18.1216525725826,2,2,0,0,2.0,49.055567123086426,472.4340186582817,1
3,0,1.0,20.043362818606845,1,3,0,0,2.7800106836351324,60.13008845582053,20.043362818606845,1
2,1,32.310024215742324,13.759069523257178,1,1,0,0,1.3379951568515358,32.6711456088415,442.04333097910836,1
3,0,23.375582952639945,7.396649480437111,2,1,1,0,0.624417047360056,22.189948441311333,172.80523882292223,1
2,1,29.90601806015913,12.35,1,1,1,0,1.0,24.7,369.33932304296525,1
2,1,31.89140070498087,11.280181739157078,1,1,1,1,1.578280140996174,22.560363478314155,357.4849778378544,1
2,0,18.395365011764163,12.824332136818423,2,2,0,0,0.9640577262032579,25.940245969812917,234.04537712066838,1
1,0,32.481627746145556,72.27936579948545,1,2,0,1,1.0688039637350797,72.27936579948545,2225.2071359966726,1
3,0,29.0,7.888207900936146,0,1,1,0,0.4573553652924234,23.664623702808438,228.75802912714823,1
2,0,3.713458747871716,23.859623756384853,2,3,0,0,1.5730825042565688,47.719247512769705,87.98842247020401,1
3,1,29.0,7.75,1,1,1,0,1.0,23.25,224.75,1
1,1,21.061000499878098,262.39406265621193,0,5,0,1,1.0,262.39406265621193,5526.31844724839,1
3,0,29.0,8.103786667564808,1,1,1,0,0.03734818874921442,24.31136000269443,235.00981335937945,1
3,1,27.354798878680683,7.800820392461761,1,1,1,0,1.1773994393403417,23.40246117738528,213.18557249493546,1
2,0,0.7276305026258021,16.030810225997868,2,3,0,0,3.0,32.061620451995736,11.82121477565236,1
1,1,37.39766563917073,68.65626719572586,2,3,0,1,1.1270605126518847,68.65626719572586,2545.0788185802376,1
3,0,29.0,7.83271301418538,1,1,1,0,0.0,23.49813904255614,227.14867741137604,1
2,1,24.0,26.76999355309861,2,3,0,0,2.0,53.53998710619722,642.4798452743667,1
3,1,29.0,22.550747610218934,0,3,0,0,1.784178972503157,67.6522428306568,653.9716806963492,1
1,0,47.377109524181,52.34520590169889,2,2,0,1,1.2457809516380005,52.34520590169889,2479.8343726372595,1
1,1,24.42673732496884,68.07953125058911,0,1,0,1,3.829305070012464,68.07953125058911,1657.379302887425,1
